{
  "MAE": 740.2136421360597,
  "MSE": 1149016.1356190273,
  "RMSE": 1071.921702186791,
  "R2": 0.9599684244085835
}